Agent ID,Full Name,Email,Year of Birth,Month of Birth,Day of Birth
1,Mata Lucero,lucero.mata@fp20analytics.com,1989,4,28
2,JesusGrajeda,jesus.grajeda@fp20analytics.com,1979,1,1
3,Elena Velez,elena.velez@fp20analytics.com,1993,6,6
4,Barraza Alberto,alberto.barraza@fp20analytics.com,1978,10,20
5,Willyberto Gonzales,willyberto.gonzales@fp20analytics.com,1973,5,11
6,A. Trejo,alberto.trejo@fp20analytics.com,1988,3,9
7,Estuardo Ocaño,estuardo.ocaño@fp20analytics.com,1980,9,23
8,Marisol Piedrahita,marisol.piedrahita@fp20analytics.com,1993,10,28
9,Velasquez Jose,jose.velasquez@fp20analytics.com,1981,1,9
10,Alberto Casillas,alberto.casillas@fp20analytics.com,1993,2,1
11,Lopez Moran.,lopez.moran@fp20analytics.com,1980,4,21
12,Javier D.,javier.davila@fp20analytics.com,1976,5,22
13,Griselda Galindo,griselda.galindo@fp20analytics.com,1996,2,3
14,EstuardoTorres,estuardo.torres@fp20analytics.com,1995,12,21
15,Galindo Guadalupe,guadalupe.galindo@fp20analytics.com,1995,6,16
16,Orci Carlos,carlos.orci@fp20analytics.com,1982,10,26
17,Leon Lourdes,lourdes.leon@fp20analytics.com,1971,12,28
18,Miller Gaviria,miller.gaviria@fp20analytics.com,1980,10,9
19,Alfonso Barraza,alfonso.barraza@fp20analytics.com,1990,5,13
20,Eduardo Luna,eduardo.luna@fp20analytics.com,1983,11,22
21,Alberto Gastelum,alberto.gastelum@fp20analytics.com,1996,10,10
22,Lorena,lorena.leon@fp20analytics.com,1996,7,16
23,Guadalupe Hernandez,guadalupe.hernandez@fp20analytics.com,1986,6,12
24,Barbara Grijalva,barbara.grijalva@fp20analytics.com,1972,6,5
25,Sandra Lujan ,sandra.lujan@fp20analytics.com,1988,11,17
26,Flores Sierra,flores.sierra@fp20analytics.com,1982,3,15
27,Isela Leyva,isela.leyva@fp20analytics.com,1987,4,18
28,Nurio Zepeda,nurio.zepeda@fp20analytics.com,1982,4,4
29,Segura Garcia,segura.garcia@fp20analytics.com,1972,11,14
30,Parra Luna,parra.luna@fp20analytics.com,1995,6,17
31,Guadalupe Torrico,guadalupe.torrico@fp20analytics.com,1993,3,18
32,Silvia Morales,silvia.morales@fp20analytics.com,1980,6,16
33,Guadalupe Villanueva,guadalupe.villanueva@fp20analytics.com,1975,1,15
34,Diana Rojo,diana.rojo@fp20analytics.com,1996,3,9
35,Melinda,melinda.barcelo@fp20analytics.com,1996,5,30
36,Luis Torres,luis.torres@fp20analytics.com,1982,7,18
37,Jesus Pacheco,jesus.pacheco@fp20analytics.com,1980,6,15
38,Enrique Montiel,enrique.montiel@fp20analytics.com,1985,2,27
39,Jesus Contreras,jesus.contreras@fp20analytics.com,1983,10,20
40,Alfredo Barreras,alfredo.barreras@fp20analytics.com,1974,10,19
41,Aldo Carrillo,aldo.carrillo@fp20analytics.com,1982,8,1
42,Darwin E.,darwin.echeverry@fp20analytics.com,1991,7,16
43,Reyna Santacruz,reyna.santacruz@fp20analytics.com,1984,6,7
44,Eva Cardenas,eva.cardenas@fp20analytics.com,1987,10,4
45,Luis Arguello,luis.arguello@fp20analytics.com,1982,9,22
46,Rosa Olguin,rosa.olguin@fp20analytics.com,1985,5,30
47,Yomaira Agudelo,yomaira.agudelo@fp20analytics.com,1974,12,15
48,Aurelio Tanori,aurelio.tanori@fp20analytics.com,1979,8,29
49,Armando Sierra,armando.sierra@fp20analytics.com,1991,4,5
50,Ramon Macias,ramon.macias@fp20analytics.com,1980,3,4